model,accuracy,precision,recall,f1,roc_auc,average_precision,top_10_pct_cases,overall_unresolved_rate,top_10_pct_unresolved_rate,top_10_pct_lift,captured_unresolved_share
Logistic Regression,0.7248210023866348,0.11522965350523771,0.7222222222222222,0.19874913134120917,0.7896822685775592,0.13360179245463247,419.0,0.04725536992840095,0.15274463007159905,3.2323232323232327,0.32323232323232326
Random Forest,0.8054892601431981,0.12606060606060607,0.5252525252525253,0.20332355816226785,0.7611656393595272,0.13387990310624517,419.0,0.04725536992840095,0.14558472553699284,3.080808080808081,0.30808080808080807
Code-Only Baseline,0.952744630071599,0.0,0.0,0.0,0.740331040869618,0.09815062809067737,419.0,0.04725536992840095,0.11694510739856802,2.474747474747475,0.2474747474747475
Overall Rate Baseline,0.952744630071599,0.0,0.0,0.0,0.5,0.04725536992840095,419.0,0.04725536992840095,0.03579952267303103,0.7575757575757577,0.07575757575757576
