metric,value
top_10_pct_cases,419.0
overall_unresolved_rate,0.04725536992840095
top_10_pct_unresolved_rate,0.15274463007159905
top_10_pct_lift,3.2323232323232327
captured_unresolved_share,0.32323232323232326
